Sort,Start,End,avg Runtime (s),avg cpu_clk_unhalted.thread_any,avg cpu_clk_unhalted.thread_any:k,avg cpu_clk_unhalted.thread_any:u,avg cs,avg cs:k,avg cs:u,avg dtlb_load_misses.miss_causes_a_walk,avg dtlb_load_misses.miss_causes_a_walk:k,avg dtlb_load_misses.miss_causes_a_walk:u,avg dtlb_load_misses.walk_active,avg dtlb_load_misses.walk_active:k,avg dtlb_load_misses.walk_active:u,avg dtlb_store_misses.miss_causes_a_walk,avg dtlb_store_misses.miss_causes_a_walk:k,avg dtlb_store_misses.miss_causes_a_walk:u,avg dtlb_store_misses.walk_active,avg dtlb_store_misses.walk_active:k,avg dtlb_store_misses.walk_active:u,avg faults,avg faults:k,avg faults:u,avg inst_retired.any,avg inst_retired.any:k,avg inst_retired.any:u,avg migrations,avg migrations:k,avg migrations:u,overall IPC,usermode IPC
0,none,none,802.7035383,1120724736124,284971882448,836558255890,11750003.8,11750003.8,0,580111938.4,37663982.8,542334653.4,114473657072,2916261138,111551719917,65967700.2,27348537.2,38590339.2,3572486749,1036536099,2538363777,11759909.6,16.4,11759893.2,1216038254091,242708023132,974707883312,143,143,0,1.09,0.869
1,0x0,0x7ff2e5400000,867.7041692,1128942744795,304567455606,824799783697,11750894.6,11750894.6,0,620842047.4,44647288,576640344.2,110745442525,3249314198,107510580577,72085582,29112822.2,43150432.4,3737129585,1105216174,2642948422,11912737,15.8,11912721.2,1208539662372,245158630859,962704172581,207,207,0,1.07,0.852
2,0x7ff2e5400000,0x7ff307600000,884.1110881,1213574671144,309831971772,904196851001,11750951.2,11750951.2,0,651519175.4,42288128.8,609291898.8,117874505359,3270021865,114637249434,73571724.4,29768190.8,43747483.2,3714372752,1135877228,2569323301,12355708,17.6,12355690.4,1324913985771,252327847398,1072802016698,213.8,213.8,0,1.09,0.884
3,0x7ff307600000,0x7ff329800000,852.1026697,1177303208262,303667835593,874084164437,11749344.2,11749344.2,0,640696817,41673993.8,599413568.8,126878597985,3549356173,123264715482,69765195.6,29359270.6,40541052.4,3672229157,1113508865,2562368598,11963292.8,16.8,11963276,1253778153050,249639963570,1002956223222,194.8,194.8,0,1.06,0.852
4,0x7ff329800000,0x7ff34ba00000,894.1108396,1192799427429,312049202644,881739691448,11750853,11750853,0,626779082,41023809.8,585860470,120160591689,3434519954,116705823933,71829041.6,29932996.8,41919097.4,3832657890,1133855767,2702764097,12207967,18,12207949,1296190703019,249419234167,1046515208032,212,212,0,1.09,0.877
5,0x7ff34ba00000,0x7ff36dc00000,856.7017682,1160550670567,305707970284,856364415612,11748809.4,11748809.4,0,702284816.8,41115509.4,661315650.6,118674105969,3263310760,115386019265,79754838.8,28507489.2,51143558.8,3784521663,1091543306,2693572983,11887657.8,17.2,11887640.6,1233703526297,247611021263,988058676025,219.8,219.8,0,1.06,0.850
6,0x7ff36dc00000,0x7ff38fe00000,865.1061691,1202787235645,312254071769,890566989922,11750263.6,11750263.6,0,601249596.2,45651849.2,555138745.2,121169707698,3440447176,117660233743,66658881.8,29027181.8,37621099.8,3641259927,1102244600,2538179788,12117626.8,19.6,12117607.2,1309966061254,250492129839,1057785161263,202,202,0,1.09,0.879
7,0x7ff38fe00000,0x7ff3b2000000,843.7048895,1141399012741,301113634171,841537859375,11749544.6,11749544.6,0,608904672.2,46369768.4,563105210.8,119255491169,3121878789,116117333874,70048266.8,31354641.2,38786826.6,3812211000,1193439640,2622049726,11987813.2,15.8,11987797.4,1231546498138,247900922950,983320731740,215.8,215.8,0,1.08,0.861
8,0x7ff3b2000000,0x7ff3d4200000,837.5009674,1136017203405,298352070970,838894785382,11750298.8,11750298.8,0,616815657.4,42991871,574336299.6,120045575635,3328863292,116835751709,70992924.6,28144047,43037607.2,3793708359,1076538901,2737189786,11743092.4,17.2,11743075.2,1206724086070,245950922891,961858829940,209.4,209.4,0,1.06,0.846
9,0x7ff3d4200000,0x7ff3f6400000,886.5113726,1124337707567,307505219454,817525531469,11749129,11749129,0,606440713.6,48642721.2,557497082.2,102487134635,3188275093,99199741440,71019467.6,28790001,41950552.2,3675310564,1100232105,2571191398,11764015.2,16.2,11763999,1220560549343,244988212248,976569588956,215.2,215.2,0,1.09,0.868
10,0x7ff3f6400000,0x7ff418600000,830.0978201,1129898086624,296526751612,834218534693,11749404.2,11749404.2,0,660741195.8,48217071,612674201.6,126933895906,3557546920,123276734994,80549309.6,30466466.4,49999731.8,4273120412,1170726118,3088472022,11706523.8,16.4,11706507.4,1202541822118,245894834741,955831580988,194.8,194.8,0,1.06,0.845
11,0x7ff418600000,0x7ff43a800000,865.1013087,1136295218268,305584637414,832026464932,11750096.2,11750096.2,0,651947842.2,48686886.4,603060478.4,110579280396,3317024735,107281540608,80931398.6,31706758.4,49127323.4,4136105660,1182881883,2937251068,11905629.8,17.4,11905612.4,1231335349368,246386168062,985858574626,217.8,217.8,0,1.08,0.867
12,0x7ff43a800000,0x7ff45ca00000,889.9082876,1125314872925,306091019046,820695749585,11750447.6,11750447.6,0,628536462.2,44447339.8,584313523.4,107659905244,3122069759,104575148245,75499072.2,28951165.4,46460176.2,3871601113,1095813410,2778055103,11899415,16.2,11899398.8,1216696082008,244834388184,971983377962,212.8,212.8,0,1.08,0.863
13,0x7ff45ca00000,0x7ff47ec00000,835.905829,1155728868095,293220057854,862846438384,11751029.6,11751029.6,0,662454731,42370856.6,620164602,119009945570,2726949023,116252346835,78808784,29291028.6,49600221,4135718271,1111728048,3020166751,11990359.6,19.2,11990340.4,1229949633741,243472767893,986394620783,195,195,0,1.06,0.853
14,0x7ff47ec00000,0x7ff4a0e00000,824.1075729,1120768428763,287464931586,834400777999,11749785.6,11749785.6,0,585921684.8,41860932.4,544324670.2,112555824405,2872139813,109727339578,66586218.8,27865807.8,38585968.8,3617252331,1052590951,2566014634,11829278.2,16.6,11829261.6,1215121210920,242932295367,972763372594,149,149,0,1.08,0.867
15,0x7ff4a0e00000,0x7ff4c3000000,831.707631,1099878994108,285764625321,814830309049,11750197.2,11750197.2,0,614293692.2,40520083.2,573827448.4,115896719614,3076621859,112768191740,68488289.4,27446490.6,41020166.4,3567885243,1033682393,2526095144,11554830.6,15.8,11554814.8,1180325719684,241582073346,938772745758,164.4,164.4,0,1.07,0.853
16,0x7ff4c3000000,0x7ff4e5200000,769.4925506,1109954338444,286608657202,823839736658,11751241,11751241,0,579927427.8,38372480.4,541659905,117535910406,3491733937,114097165480,68969989.6,27893764,41041037.4,3758848035,1061103059,2703862417,11659063.2,15.6,11659047.6,1188376855918,245471990208,943872318733,173.4,173.4,0,1.07,0.850
17,0x7ff4e5200000,0x7ff507400000,880.3072766,1198254273363,320809884609,877811038146,11750171,11750171,0,648482424.2,61125297.4,587303438.4,103548223057,3905413899,99611136861,77993134.2,33135352.6,44967521.2,3866003163,1232950939,2626405957,12283151,22.4,12283128.6,1333462214324,248125359364,1084631169179,248.2,248.2,0,1.11,0.905
18,0x7ff507400000,0x7ff529600000,854.3053977,1152388352874,302553171887,850907458664,11751435,11751435,0,626616296.4,40355207.6,586603901.2,115037180603,3288161631,111758192308,74227500.2,31176122.6,43115814,3892899419,1180824037,2711122063,11873261.6,17.2,11873244.4,1239631842749,248965206245,990798562345,186.8,186.8,0,1.08,0.859
19,0x7ff529600000,0x7ff54b800000,850.5007025,1160955701928,305668062903,855231603595,11750686.2,11750686.2,0,653852548.4,42159474.8,611604969,120061242272,3563718680,116526378286,77893403.4,30628131.2,47315081.2,3942755969,1168738831,2784594297,12141367.4,19.8,12141347.6,1234249310068,248524551482,985005649951,215.2,215.2,0,1.06,0.848
20,0x7ff54b800000,0x7ff56da00000,866.310016,1182577193597,306791901014,876667877455,11749192,11749192,0,715596371.6,43095356,672511804.6,119941079026,3562240139,116271689595,83853918.8,31257342.8,52697159,4027786053,1173830138,2849462854,12271426,18.2,12271407.8,1274978778435,251018107760,1024066219293,209.8,209.8,0,1.08,0.865
21,0x7ff56da00000,0x7ff58fc00000,831.7013986,1146577797266,305528552737,843313000342,11750314.2,11750314.2,0,618405188,43735046.4,574894082.6,123953035455,3709615532,120257953158,72111519,28886905.2,43372693.2,3913311982,1102301528,2814755265,11834440.8,17,11834423.8,1216065859101,247786611725,968963987813,201.4,201.4,0,1.06,0.843
22,0x7ff58fc00000,0x7ff5b1e00000,844.300677,1158814407057,310204464902,849459450468,11749989.2,11749989.2,0,602144376.6,42742620.2,559536910.4,110436181458,3340308449,107095760311,69353871.6,29221386.8,40030603.2,3699087859,1102156955,2594865865,12008173.4,21.6,12008151.8,1258719423045,247790261864,1011490053924,205.8,205.8,0,1.09,0.872
23,0x7ff5b1e00000,0x7ff5d4000000,807.8934463,1128344216088,295596414312,833135064211,11750674.8,11750674.8,0,617492324.8,44519388,572763325.8,116985936620,3459186830,113540696804,69110538.2,28658153.6,40497707.6,3643585112,1096385685,2551817526,11745429.2,17,11745412.2,1206612470486,248651501150,957813886642,198.6,198.6,0,1.07,0.849
24,0x7ff5d4000000,0x7ff5f6200000,848.5050215,1129051458221,304080298108,825474537298,11749075,11749075,0,590241617.8,39850106.2,550060465,112582444272,3028390110,109412501813,65396529.2,28865917.2,36522052.6,3425797132,1095592177,2313428345,11872836.6,14.8,11872821.8,1222208470057,246912727505,974995061083,212.8,212.8,0,1.08,0.863
25,0x7ff5f6200000,0x7ff618400000,867.7042958,1127090711114,304255567287,823684141641,11749989.8,11749989.8,0,637929664,40799945.6,597010453.4,110112478548,3192898165,106901533394,75991210.8,29071030.6,46834606.2,3909062525,1107072031,2797251062,11934813,16.4,11934796.6,1221359864829,246316727014,974838553200,193,193,0,1.08,0.864
26,0x7ff618400000,0x7ff63a600000,831.0985994,1153610573335,301782760651,852779932011,11750116.2,11750116.2,0,611205728.6,40302662.2,571422629.8,124537399409,3425108611,121138973556,71557228.2,29516776.2,42162359.6,3909856740,1122473260,2795875095,11860708.6,20,11860688.6,1244000687084,249924068555,993612594455,210,210,0,1.08,0.861
27,0x7ff63a600000,0x7ff65c800000,927.1126667,1129887653478,315201183683,816150964270,11749332.8,11749332.8,0,631538463.6,41766611.8,590023682.8,103969544803,3022308349,100983441492,73912995,29520410,44224866.4,3644794625,1119227423,2517257078,12195755.8,17.6,12195738.2,1222632799243,245323514680,978802121481,233.6,233.6,0,1.08,0.865
28,0x7ff65c800000,0x7ff67ea00000,876.9109732,1133240443035,304552084144,830044906535,11750541,11750541,0,568980711,41629803.8,527449689.6,105827838026,3374427588,102367216428,64536668,29669095.8,34762616,3375136652,1140001749,2233351370,11993175.4,18,11993157.4,1226020604643,247376350724,979020911172,198.4,198.4,0,1.08,0.863
29,0x7ff67ea00000,0x7ff6a0c00000,866.5075885,1129317360878,300260715334,829638740636,11750645,11750645,0,581717244.8,40290152.2,542054403.2,116290149562,3437096552,112974497339,68561770.4,28905762.2,39600177.6,3803897919,1111760095,2690835390,11858154.8,16,11858138.8,1222180667610,246154722373,976402681362,198.6,198.6,0,1.08,0.864
30,0x7ff6a0c00000,0x7ff6c2e00000,860.510811,1213879194134,312719427038,902559002723,11750746.8,11750746.8,0,654158896,41086448.4,613653863.6,120203107297,3159814805,117102488503,74146200.2,29538877.2,44645595,3738303995,1137262676,2611746650,12377547,19.8,12377527.2,1333215426398,251461491425,1082988119806,219.8,219.8,0,1.10,0.891
31,0x7ff6c2e00000,0x7ff6e5000000,833.5029005,1163915652410,305850221552,859819029196,11750296.6,11750296.6,0,626958872.4,40908926.2,585467951.2,124961487528,3324629965,121516543634,72414634.6,30049238.8,42277206.4,3889338534,1146132004,2742046134,11991660.4,17.2,11991643.2,1248669923270,249915839111,1000280047299,197.2,197.2,0,1.07,0.858
32,0x7ff6e5000000,0x7ff707200000,823.3021466,1132392893242,299960090968,833221704037,11750108.8,11750108.8,0,639313748.4,40794854.8,598804848.8,112128924143,3165422334,108955892877,77479726.2,30117432.4,47331385.8,3982288167,1158621460,2837838271,11875716.8,18.6,11875698.2,1219308965971,248586818384,971550934792,197,197,0,1.08,0.857
33,0x7ff707200000,0x7ff729400000,861.1074418,1167610581440,313496809742,856280107403,11749922,11749922,0,730892911.4,45345235,685851155.8,116868494270,3715371505,113166838500,86388034.6,30061936,56321082,4135616129,1145051903,2988525088,12004469.6,16.8,12004452.8,1237602935190,246939036787,990969666865,211.4,211.4,0,1.06,0.847
34,0x7ff729400000,0x7ff74b600000,868.305413,1131828906521,306125293874,826852396312,11749245.2,11749245.2,0,594762641.6,40820368.6,553596394.4,110906214293,3342493115,107475641528,69387194.4,29521686.6,39871154.4,3800097859,1135603483,2658596313,11872869.2,19.8,11872849.4,1226911671442,245711236052,981063521989,225,225,0,1.08,0.866
35,0x7ff74b600000,0x7ff76d800000,889.1093821,1194115817518,308364647237,886847791263,11750521,11750521,0,631946886.8,48020637,584190778.2,116259856162,3561650757,112743779996,73433367.6,30523066.6,42968348.6,3963172117,1159054011,2807585814,12104376,18,12104358,1305005287887,249446115297,1056015877883,196.2,196.2,0,1.09,0.884
36,0x7ff76d800000,0x7ff78fa00000,845.9006792,1152865764264,301067188389,852428342724,11751402.4,11751402.4,0,613326822.4,43190989,570092314.4,120471307570,3491962024,117004513576,69779388.6,29023483.6,40701729,3747883342,1107495509,2647767072,11858227.6,16.4,11858211.2,1243457263442,250056220585,993873514483,213.2,213.2,0,1.08,0.862
37,0x7ff78fa00000,0x7ff7b1c00000,871.3053817,1204945769043,310502213358,895288854905,11751360.6,11751360.6,0,625791052.6,41142726.4,585336599,119333887273,3206576863,116177852562,69146986,29302363.8,39854097,3730507168,1121819131,2607027507,12330749.4,19.4,12330730,1319708170025,251735210824,1067211373018,223.6,223.6,0,1.10,0.885
38,0x7ff7b1c00000,0x7ff7d3e00000,907.512739,1230115974683,319972385997,912912389237,11749600.2,11749600.2,0,620857986.4,43996275.8,576634524.8,115186757950,3456584942,111614693857,67610307.6,30120210.2,37452827.6,3522688124,1160656186,2356617771,12531074,20.2,12531053.8,1368061613384,250206548698,1118128834548,210.6,210.6,0,1.11,0.907
39,0x7ff7d3e00000,0x7ff7f6000000,873.3064863,1158508759645,308956514694,851305676252,11749366.6,11749366.6,0,637613582.6,44019215.2,593776411.2,116241793836,3546683936,112710808928,71695326.6,31200510.6,40389190,3465071016,1181370496,2272327428,12051139.6,20.6,12051119,1240873810379,247424430560,995054796332,199.6,199.6,0,1.07,0.858
40,0x7ff7f6000000,0x7ff818200000,865.3044444,1133561486751,300681234105,834364621382,11750001.6,11750001.6,0,625541519.2,40292771.6,585100916,113207495989,3161703128,110155157262,72573826.8,28502887,44071412.2,3840638288,1088393622,2760517456,11851099.4,16.2,11851083.2,1216576279382,246673847550,970640495386,210.4,210.4,0,1.07,0.855
41,0x7ff818200000,0x7ff83a400000,890.1072489,1152335932385,310621200070,842760358329,11748907.6,11748907.6,0,620289567.6,45049245,575080645.2,111295830241,3220436385,108037013507,70051380.8,29581889.4,40519277,3517116987,1113276525,2399556109,12099316.4,19.6,12099296.8,1250819406193,246772949201,1004908975987,212,212,0,1.09,0.871
42,0x7ff83a400000,0x7ff85c600000,862.1090421,1138784563458,305371246633,834938726303,11749968.4,11749968.4,0,627040399.2,43896694.8,583063766.6,119348039726,3119771270,116324875570,75501804.6,30211365.6,45305545.2,4057220747,1155676339,2904936515,11983341.6,15.4,11983326.2,1219322735125,246763559431,972971227660,202,202,0,1.07,0.853
43,0x7ff85c600000,0x7ff87e800000,871.310009,1177295092470,317211552076,860549440372,11750259,11750259,0,615452082.2,44518006,571138404.8,110422468416,3441906456,106990523537,73751053.2,30150640.8,43501959.4,3792608309,1136772472,2651667471,12102732.6,18.6,12102714,1280313466812,248886540801,1031121843184,199.2,199.2,0,1.09,0.875
44,0x7ff87e800000,0x7ff8a0a00000,879.1077215,1227494885358,315826413067,912129240139,11750073.6,11750073.6,0,648828612.6,47451890.8,601435492.6,124633288728,3872568536,120795994486,73345181.4,31341478.2,41935104.2,3713806401,1172836441,2537425036,12327928.2,21.2,12327907,1335895065360,251429283272,1084570226650,230,230,0,1.09,0.883
45,0x7ff8a0a00000,0x7ff8c2c00000,817.9008236,1137221098874,297905109381,840170262900,11750365,11750365,0,640963297.2,48183856.2,593677449.6,120273225809,3285566325,116977349306,77245731.2,29182391.6,48111456.6,4228537592,1111016134,3122797151,11847643,18.2,11847624.8,1220647093000,247845687069,972569056501,207.2,207.2,0,1.07,0.855
46,0x7ff8c2c00000,0x7ff8e4e00000,888.9117695,1139139388878,308573784756,831848832321,11749682.6,11749682.6,0,667811616.6,41318123.8,626342134.6,107464967560,3223893501,104209189195,76274053.4,29302836.6,46902567.6,3627530722,1101710992,2518997360,12044012,17.2,12043994.8,1233999680227,246262908840,988486335509,220.8,220.8,0,1.08,0.867
47,0x7ff8e4e00000,0x7ff907000000,861.9050551,1139788450736,305286016648,835380483662,11750106.4,11750106.4,0,660477980,39427458,621640787.4,112753675013,2966434607,109888994017,78755452.4,29989716,48829208.6,4002968308,1131109850,2866840174,11857601.2,17,11857584.2,1223203869950,246983824033,976507008984,208.2,208.2,0,1.07,0.856
48,0x7ff907000000,0x7ff929200000,822.1042236,1152380751457,298676059320,854992932385,11751903.2,11751903.2,0,616543471,46817186,569461449,117366286369,3379323902,113943524105,68915493.2,29130549.6,39841689.8,3651296216,1100479494,2544623595,11931288.6,15.4,11931273.2,1236213071917,249289930689,987251073900,207.6,207.6,0,1.07,0.856
49,0x7ff929200000,0x7ff94b400000,875.7083462,1147804616199,309293518523,838630425791,11750526.2,11750526.2,0,645405936.4,42280672.6,603503085.6,118740858470,3409384343,115449950670,75621519.4,29346380,46347504.4,3889541014,1116634954,2785824768,11825436.4,16,11825420.4,1220047916673,243991299014,975276918205,195.2,195.2,0,1.06,0.850
50,0x7ff94b400000,0x7ff96d600000,875.5066901,1213792235585,309027086405,904894630627,11750890.4,11750890.4,0,712982536.6,42490276.6,670487293.4,125034055207,3336239414,121837570364,81901156.8,30770610.2,51047268.6,3991738423,1164110146,2836803013,12190851.6,21,12190830.6,1316861528790,249884911624,1065840669930,209,209,0,1.08,0.878
51,0x7ff96d600000,0x7ff98f800000,926.3122595,1120047204322,316788064381,803502806496,11749536.6,11749536.6,0,599174973.6,40788352,558221280,100937971344,3241324105,97649306733,70098808.6,28954308.8,41205087.6,3514886569,1096172501,2421003707,11844653.2,18.2,11844635,1217124254332,243608772887,972514966588,239,239,0,1.09,0.868
52,0x7ff98f800000,0x7ff9b1a00000,888.3119983,1206864874542,310555381927,897267723760,11750595.2,11750595.2,0,627718954.6,42491084.2,585773122,130218089448,3337198392,126963638024,67442605,31228400.8,36211996.2,3470657497,1193333450,2277603076,12304026.8,20.4,12304006.4,1289930286621,247856569123,1042158006328,198.8,198.8,0,1.07,0.863
53,0x7ff9b1a00000,0x7ff9d3c00000,840.9033461,1152734039720,300890652145,853353433593,11750447.8,11750447.8,0,637005351.2,41329961.8,595283929,121455775941,3228184376,118107209603,72812378,28630506.2,44202963,3927867026,1092580412,2833324455,11844121,17.6,11844103.4,1230249826506,248761599380,981676060890,200.4,200.4,0,1.07,0.850
54,0x7ff9d3c00000,0x7ff9f5e00000,840.104351,1132908769629,302114677910,831157999621,11749904.8,11749904.8,0,635467290,40953656.6,594406809.8,117845526912,3495405862,114281323868,78865330.6,29082244.8,49666802.6,4237612123,1115056298,3128325836,11863259.8,19,11863240.8,1211190864243,247357639782,964111029216,203.2,203.2,0,1.07,0.851
55,0x7ff9f5e00000,0x7ffa18000000,836.3059223,1134565689086,304511348166,831610469923,11750510.2,11750510.2,0,597704949.6,39868332.4,557690551,120777966006,3229378695,117502244278,67873738.2,28224927.2,39663389,3747829025,1080607429,2669969927,11891780,18.6,11891761.4,1214286354531,247121346984,966957209895,197.2,197.2,0,1.07,0.851
56,0x7ffa18000000,0x7ffa3a200000,848.5044434,1175941545182,307760005856,869874358234,11750151.6,11750151.6,0,634314859.4,40152843.8,594669911,117503827700,2911472465,114523271712,71243273,28186628.4,43292617.6,3693738566,1078972799,2616765101,12136846,17.8,12136828.2,1274430128464,248112547511,1027309242876,191.2,191.2,0,1.08,0.872
57,0x7ffa3a200000,0x7ffa5c400000,840.7006437,1210830581594,307709988316,905342375856,11751515.8,11751515.8,0,656947675.2,56823473,600240862.6,122092469926,3770785849,118318734744,75752517,30888634.8,44903557.2,4008622139,1155919053,2852992046,12224112.2,21.4,12224090.8,1334180777428,253004191485,1081782204730,210.4,210.4,0,1.10,0.892
58,0x7ffa5c400000,0x7ffa7e600000,885.5107214,1177381211695,306659705534,871960608070,11750229.2,11750229.2,0,652958205,47776160,605316092.8,125789929465,3581415948,122225038761,72642827.6,29313142,43372019.4,3737061849,1112521845,2622454901,12085738.4,18.2,12085720.2,1262208131584,247603553691,1014875053309,205,205,0,1.07,0.861
59,0x7ffa7e600000,0x7ffaa0800000,871.7047251,1131592591320,306331203366,825537261672,11749769.4,11749769.4,0,622576162,39946288.6,583139621.4,110737431989,3400729269,107432340416,78145556.2,28766186.2,49437651.2,4239411308,1078601773,3171726197,11923173.6,17,11923156.6,1222793553523,247424880227,974983475042,222,222,0,1.08,0.861
60,0x7ffaa0800000,0x7ffac2a00000,810.1014703,1150822766642,301865214252,849344258398,11751646.4,11751646.4,0,631393789,40323495.4,591342814,111717578003,2711350582,108937178306,76336396,29481450.6,46908247,3932616543,1125210094,2802007694,12059325.8,17.8,12059308,1266773916132,249463916343,1016305854643,192,192,0,1.10,0.883
61,0x7ffac2a00000,0x7ffae4c00000,884.5062687,1225978110534,316032056553,911688790213,11749953.8,11749953.8,0,640783323.6,46085582,594591513.2,119887534651,3417475542,116417739135,70643984.6,30002413.8,40581595.4,3590071306,1134820580,2451853840,12104386,19,12104367,1337095480687,252542692056,1085506937494,219.4,219.4,0,1.09,0.884
62,0x7ffae4c00000,0x7ffb06e00000,870.70625,1150625795898,306890553218,847100329627,11749741.8,11749741.8,0,659201857.8,43650769,615269795.4,115911888986,3440936901,112408284001,72889198.4,28882260,44091131.8,3499849721,1098614812,2399188613,11953425.4,16.4,11953409,1243301735394,247475297403,995638384738,212.2,212.2,0,1.08,0.863
63,0x7ffb06e00000,0x7ffb29000000,845.3062632,1149454258698,303857126589,845930445429,11750211.6,11750211.6,0,664284270.6,43711170.4,620338678.2,115094294689,2931210891,112175948676,79435822.4,30696603.4,48667266,4004727175,1161734160,2836452602,11980506,21,11980485,1249620910289,249395098024,999560486085,212.8,212.8,0,1.09,0.869
64,0x7ffb29000000,0x7ffb4b200000,865.1051039,1157584966633,302123401326,856582931447,11751066.6,11751066.6,0,613112084,41236254.4,572467629.8,114006843177,3644352303,110410745040,71588936.8,29692740.4,42006474.8,3693506582,1134956639,2577029982,12031550,16.6,12031533.4,1266628317524,248470037575,1018552364485,185.6,185.6,0,1.09,0.879
65,0x7ffb4b200000,0x7ffb6d400000,914.1138018,1199618164744,317704903287,882897053552,11749768.6,11749768.6,0,604707917.8,41585377.4,563473141,107534546786,3536445897,104068153472,67854368,31379395.4,36562044.8,3423417097,1180253174,2247519222,12277964.2,19.4,12277944.8,1333276217415,248820206734,1085283208381,210.6,210.6,0,1.11,0.904
66,0x7ffb6d400000,0x7ffb8f600000,856.7039324,1146441308852,301940026232,845635960551,11749885.6,11749885.6,0,597079840.2,41145014,555955087.6,118293439834,3220492084,115152614653,62971836.8,28617577.8,34333244.6,3312759437,1089618240,2221794516,11925680.8,15.6,11925665.2,1238521635160,248067111055,990503604789,192.8,192.8,0,1.08,0.863
67,0x7ffb8f600000,0x7ffbb1800000,855.7053408,1164008485174,303123790079,861325605730,11750628,11750628,0,596258405.4,40728334.4,555872438.6,109969363790,3034109943,107004813742,68791124.4,30512431.8,38262605.4,3742293731,1161365051,2570314493,12192156.8,18.2,12192138.6,1269492076268,249132113491,1019786956177,218,218,0,1.09,0.876
68,0x7ffbb1800000,0x7ffbd3a00000,887.9100759,1181388822266,313825167332,868980908506,11750776.4,11750776.4,0,609954868.8,43717765.6,565764046.8,111431408494,3236579306,108143671211,69081145.4,28589825.2,40406811.6,3712446230,1092005140,2617581892,12156903.8,18.4,12156885.4,1304516604695,250536996117,1054475076577,217.2,217.2,0,1.10,0.892
69,0x7ffbd3a00000,0x7ffbf5c00000,828.3050935,1134841319127,297306058321,837548642388,11750573.6,11750573.6,0,593053360,38501973.6,554834576.2,122906466143,3193298919,119724691391,68211020.4,28124900,40210627,3783587198,1075664093,2705399750,11560806,15.4,11560790.6,1219022385045,247552241689,970775586842,183.8,183.8,0,1.07,0.855
70,0x7ffbf5c00000,0x7ffc17e00000,867.5007336,1177912548512,312433928107,865910132718,11748919.4,11748919.4,0,633726210.6,42198060,591796044,114189837754,3506011895,110745484166,76036904.2,30219582.2,45736942.8,4029510936,1165443121,2867826024,12002019,18.6,12002000.4,1283954118017,247860508554,1035952204003,200.4,200.4,0,1.09,0.879
71,0x7ffc17e00000,0x7ffc3a000000,854.7016508,1139790067903,306204684123,835089708607,11750272.6,11750272.6,0,640507790.2,40399715.2,600848612.8,116636103217,3419251882,113347628101,75393041.8,29000408,46639132.4,3948019348,1111183938,2845159272,11837365.8,17.4,11837348.4,1226442101768,247193260605,978910020164,197.6,197.6,0,1.08,0.858
72,0x7ffc3a000000,0x7ffc5c200000,884.5068006,1178672379191,316849346494,862537050639,11749991.6,11749991.6,0,620809765.6,41326302.6,580185523.8,116382968329,3545890151,112783263262,67940340,30083290.4,38010811.2,3424528994,1136218343,2292837585,12238954.8,17.8,12238937,1279083303734,249711449955,1028867805752,215.2,215.2,0,1.09,0.872
73,0x7ffc5c200000,0x7ffc7e400000,807.4982864,1153659325924,299301024137,855675591789,11750960.2,11750960.2,0,628798422.6,40367836.6,588525550.8,123846979797,3601850570,120199266191,72173679,29180387.6,42946317.4,3841077899,1111893684,2716407069,11789620,19.4,11789600.6,1255722741766,251150746646,1004165470125,174,174,0,1.09,0.869
74,0x7ffc7e400000,0x7ffca0600000,879.905209,1144179184236,304374573216,840539943826,11750382.4,11750382.4,0,666202722.2,42771522,623488713.6,117535263752,3323782381,114286471868,77057464.8,28906341.4,47964488.4,3985339929,1107056847,2874825545,11779716.4,15.8,11779700.6,1226346291708,244689363491,981872168810,194.6,194.6,0,1.07,0.858
75,0x7ffca0600000,0x7ffcc2800000,855.5016708,1146060732093,307593041769,838365442180,11750670.4,11750670.4,0,635493602,40468063.2,594996803.4,116183592308,3322888556,112857674395,76526474,30391341.2,46137904.4,3946608102,1144301501,2783681197,12125857.4,16.4,12125841,1236939640972,248284546218,987987590551,208.6,208.6,0,1.08,0.862
76,0x7ffcc2800000,0x7ffce4a00000,839.7055096,1163198308613,303898743490,861180638331,11750136.6,11750136.6,0,605611574.4,41627268.4,563897595.4,117985521345,3284782598,114732425613,66119461.8,29720930.6,36269365.8,3432946393,1124834827,2312676813,11905242.2,17.8,11905224.4,1250243086982,248953771204,1001455065339,189.8,189.8,0,1.07,0.860
77,0x7ffce4a00000,0x7ffd06c00000,893.7067331,1176987669377,318044152699,860144534190,11751006,11751006,0,641990540.6,46133145.6,595928098.4,104808792162,3388152099,101340417781,77591127.2,30451975.2,46945549.2,3982054954,1153966057,2816083501,12227447.8,19.6,12227428.2,1294422455890,247752116131,1047946981707,225.8,225.8,0,1.10,0.889
78,0x7ffd06c00000,0x7ffd28e00000,842.9036346,1136369101559,301659121035,834747713810,11749870,11749870,0,602423076.6,40918416.2,561788526.8,116997427335,3259396134,113710312859,70987827,28771135.2,42340808.4,3817134129,1097041536,2723179746,11907015.8,16,11906999.8,1218939153847,247117892520,971347926976,190.4,190.4,0,1.07,0.855
79,0x7ffd28e00000,0x7ffd4b000000,867.1057306,1197731945009,310580108200,887468575809,11750194.6,11750194.6,0,660424082.2,44564788.6,615968435,123217130455,3413875104,119883912278,74824063.2,28889707.8,45915994.2,3941454745,1106840074,2836993563,12275638,21.4,12275616.6,1298158910270,249460638880,1048642515365,228.8,228.8,0,1.08,0.875
80,0x7ffd4b000000,0x7ffd6d200000,874.1093286,1204058476388,312787948839,891308759022,11749113,11749113,0,646235512.4,50465566.6,595552091.8,118801856111,3546524895,115255173050,72952229.6,30586266.6,42326525,3902629580,1164576279,2738894423,12228636.2,18.8,12228617.4,1324247750100,250484397685,1073339721294,193.6,193.6,0,1.10,0.891
81,0x7ffd6d200000,0x7ffd8f400000,893.708839,1138584762495,314884404539,825325171716,11748105.2,11748105.2,0,639078120.2,43151404,596101477.4,108721201476,3557613464,105180575541,74949868.8,30480974.6,44559295.8,3755356412,1152074342,2601976938,11975169.6,16.4,11975153.2,1221191345633,244966268889,976856410741,210.8,210.8,0,1.07,0.857
82,0x7ffd8f400000,0x7ffdb1600000,898.7043688,1174217320526,318128846861,857637246168,11749396.8,11749396.8,0,630704515.4,45230039.6,585330111.2,105861788083,3304359841,102511446402,72102459.4,30025207.6,42014880.8,3569071479,1132792267,2423820935,12247093.6,18.6,12247075,1309050844187,248961212162,1059298572808,224.6,224.6,0,1.11,0.901
83,0x7ffdb1600000,0x7ffdd3800000,913.5089691,1213703292553,317499779174,897785800130,11750337.4,11750337.4,0,658781490.4,42160863.6,617569887,117110537604,3441487434,113927599169,81928585.4,30185292,52027703.2,4378253565,1146566391,3249773905,12413754.2,19.8,12413734.4,1333889592951,248377871726,1083791807233,259.8,259.8,0,1.10,0.892
84,0x7ffdd3800000,0x7ffdf5a00000,883.5039572,1202522699848,318535311550,885447954333,11748640.4,11748640.4,0,603636306,42179376.6,561810196.4,117804039401,3481266166,114358483903,66898899.2,30125287.2,36713228.6,3578971365,1144629518,2433856838,12253846.4,18.2,12253828.2,1312188407828,250408179825,1062727516622,208.4,208.4,0,1.09,0.883
85,0x7ffdf5a00000,0x7ffe17c00000,842.703459,1177093118093,306757151507,871477338079,11751672.4,11751672.4,0,614980876.2,46247767.2,568661726.8,126208206422,3276527337,122873289760,68633322.2,29667520.4,38959626.4,3572050182,1116435992,2453057083,12103053.6,17.2,12103036.4,1266215404887,249749923019,1016167809841,204.4,204.4,0,1.08,0.862
86,0x7ffe17c00000,0x7ffe39e00000,832.7051775,1188410399805,307598150971,882162590896,11749432.2,11749432.2,0,616625502,41115124.6,575433588.6,117288130266,2973744231,114309050927,67645865,29394102.6,38127258.2,3556840635,1127559268,2419180852,12050418.2,17.6,12050400.6,1313098271930,250782112589,1063567018645,173.6,173.6,0,1.10,0.894
87,0x7ffe39e00000,0x7ffe5c000000,827.8988828,1194377865013,305875918047,889005072339,11750123.8,11750123.8,0,625366272.6,41311708.4,584112966.2,123270660856,3601019855,119628002764,69078611.4,30055159.2,38925010.4,3593412123,1138447693,2455527735,12222301,19.6,12222281.4,1290711378530,249057309683,1041612210396,186.6,186.6,0,1.08,0.872
88,0x7ffe5c000000,0x7ffe7e200000,857.7014976,1149637072399,304827949261,847114712023,11751660,11751660,0,635999545.4,44379439.6,591515048.6,116977060986,3393530212,113494199742,75262491.8,28968559,46266300.6,3981218536,1098897778,2878290177,11908027.4,18.4,11908009,1234777513810,247501233134,989160185885,218.2,218.2,0,1.07,0.859
89,0x7ffe7e200000,0x7ffea0400000,910.5080433,1193337307011,315795437790,877937462629,11750134.6,11750134.6,0,716914734.6,42074281,674520006.6,123254311896,3173728092,120097150726,81645611.4,30028259.4,51442331.2,4061567288,1140843308,2904641519,12110876.2,17.6,12110858.6,1270163366708,246519270666,1023151573142,218.6,218.6,0,1.06,0.857
90,0x7ffea0400000,0x7ffec2600000,887.5103522,1170134331417,310894966788,859396150019,11750914,11750914,0,645568918,41858165.2,603635261.2,110438916768,3298495897,107155071148,75023261.8,29334394.6,45594007.8,3841496847,1114498619,2726657129,12105186.8,20.6,12105166.2,1295450315710,248193427886,1046089858986,232.6,232.6,0,1.11,0.894
91,0x7ffec2600000,0x7ffee4800000,903.7076048,1167952889645,317337223829,851974527696,11749262.4,11749262.4,0,594438737.8,41666208,553128239,115651673240,3154961550,112463451496,66222941.4,29246903.6,36958786.8,3417824954,1097094357,2317556464,12071458.4,20,12071438.4,1252817953960,246119778730,1007379523035,233.2,233.2,0,1.07,0.862
92,0x7ffee4800000,0x7fff06a00000,831.1023596,1140613952468,300281386962,841172036684,11749559,11749559,0,663823812.4,39557211.8,624193153.6,118424674753,3091679155,115330203427,78447248.4,30938037.4,47463120,3863517378,1167286559,2692336112,11875025,16.4,11875008.6,1203622119400,247659401881,954638316630,214.4,214.4,0,1.06,0.836
93,0x7fff06a00000,0x7fff28c00000,837.1004369,1116141772521,303563742114,814715390781,11749413.4,11749413.4,0,592317064.8,40633265.4,552417094.2,106873379533,3298842334,103671815817,69017184.4,29082899.4,39993351.8,3528848793,1112349797,2434702802,11851243.6,16.2,11851227.4,1218731393515,247300645177,971868398006,216.2,216.2,0,1.09,0.869
94,0x7fff28c00000,0x7fff4ae00000,877.9095578,1167914052949,312030559177,857064647350,11750622.6,11750622.6,0,672832765.6,46150695.4,626899573.2,118224133505,3612350700,114645722012,74658073.8,29452182.6,45239445.2,3761276919,1118095193,2644976126,11881191.4,18.2,11881173.2,1240500989879,244697652752,997406746611,213.6,213.6,0,1.06,0.853
95,0x7fff4ae00000,0x7fff6d000000,856.1045111,1208918316069,309762224056,899661565260,11750960.6,11750960.6,0,669215089,41284627.2,628079864.2,123621208430,3425281608,120133119303,78976235.8,31320003.2,47842969.4,4125848879,1180586143,2948366066,11977024,19.6,11977004.4,1315525025660,250383566100,1064322898925,224.4,224.4,0,1.09,0.880
96,0x7fff6d000000,0x7fff8f200000,845.7065539,1134927214778,307335207257,828072661726,11750172.2,11750172.2,0,605506514.6,43379873.4,562028218.4,108265119729,3368752790,104880606033,72046913.8,30940832.6,40983990.8,3760029679,1154730952,2603364776,11878418.2,18.8,11878399.4,1232829943957,245813552011,987006899048,217.8,217.8,0,1.09,0.869
97,0x7fff8f200000,0x7fffb1400000,890.1107457,1153084736523,309067850748,844537908838,11748002.4,11748002.4,0,619660583,41876391.4,577773023.2,114692652854,3308289046,111315356661,72306491.2,29141159.6,43216732.6,3751658088,1118786294,2632190869,12024768.6,16.2,12024752.4,1250695296909,247547945274,1002152631181,229.2,229.2,0,1.08,0.869
98,0x7fffb1400000,0x7fffd3600000,849.3073471,1135042331752,299242805169,836999332821,11748468.2,11748468.2,0,614557423.4,39773755.4,575556990,113983489198,3266177552,110845776805,71314618.6,27265465.4,44045229.4,3782880152,1039599843,2750788186,11927262.4,15.8,11927246.6,1222347127386,247774117867,974649513465,217.2,217.2,0,1.08,0.858
99,0x7fffd3600000,0x7ffff5800000,854.9042996,1133696141282,298789051174,837506188219,11750370.6,11750370.6,0,617870492.4,40659051,577410936.4,116352704027,3190752479,113074021898,73528118.4,28195707.4,45170237,3895419365,1079458176,2813981451,11733640.6,19.4,11733621.2,1219448648680,244375947092,976597625050,180.2,180.2,0,1.08,0.859
100,0x7ffff5800000,0x800017a00000,872.7119414,1156671779819,291375927079,865799671985,11750689.2,11750689.2,0,683962716.4,39748471.8,644567513.4,123984228280,3147962211,120927959633,76977787.2,28153951.4,48928544.2,3911289073,1077973638,2834852054,11888271.4,18,11888253.4,1226089741432,243334767184,983323048673,185,185,0,1.06,0.850
101,thp,thp,800.1008327,1133453633405,305707115762,827451321147,11751128,11751128,0,443853331,34994605.8,408982070.2,106091304785,2841369493,103239994486,52505642.8,25709505.4,26827375,2878216899,1050549790,1824214986,10980783,16.6,10980766.4,1250395470507,276304768366,973855179641,150.2,150.2,0,1.10,0.859